frame,index,x,y,z
0,0,-297.000,-174.000,-1843.000
0,1,-275.000,-174.000,-1837.000
0,2,-312.000,-181.000,-1913.000
0,3,-259.000,-181.000,-1886.000
0,4,-336.000,-246.000,-1924.000
0,5,-232.000,-246.000,-1896.000
0,6,-381.000,-321.000,-1949.000
0,7,-184.000,-317.000,-1879.000
0,8,-431.000,-391.000,-1869.000
0,9,-133.000,-377.000,-1725.000
0,10,-319.000,-421.000,-1811.000
0,11,-249.000,-421.000,-1781.000
1,0,-297.000,-172.666,-1842.167
1,1,-275.000,-172.666,-1836.167
1,2,-312.000,-179.666,-1912.167
1,3,-259.000,-179.666,-1885.167
1,4,-336.000,-244.666,-1923.167
1,5,-230.332,-249.335,-1895.167
1,6,-379.332,-317.665,-1948.167
1,7,-182.332,-320.335,-1878.167
1,8,-429.332,-387.665,-1868.167
1,9,-131.332,-380.335,-1724.167
1,10,-317.332,-417.665,-1810.167
1,11,-249.000,-421.000,-1780.167
2,0,-297.000,-171.369,-1841.333
2,1,-275.000,-171.369,-1835.333
2,2,-312.000,-178.369,-1911.333
2,3,-259.000,-178.369,-1884.333
2,4,-336.000,-243.369,-1922.333
2,5,-228.711,-252.577,-1894.333
2,6,-377.711,-314.423,-1947.333
2,7,-180.711,-323.577,-1877.333
2,8,-427.711,-384.423,-1867.333
2,9,-129.711,-383.577,-1723.333
2,10,-315.711,-414.423,-1809.333
2,11,-249.000,-421.000,-1779.333
3,0,-297.000,-170.146,-1840.500
3,1,-275.000,-170.146,-1834.500
3,2,-312.000,-177.146,-1910.500
3,3,-259.000,-177.146,-1883.500
3,4,-336.000,-242.146,-1921.500
3,5,-227.182,-255.635,-1893.500
3,6,-376.182,-311.365,-1946.500
3,7,-179.182,-326.635,-1876.500
3,8,-426.182,-381.365,-1866.500
3,9,-128.182,-386.635,-1722.500
3,10,-314.182,-411.365,-1808.500
3,11,-249.000,-421.000,-1778.500
4,0,-297.000,-169.031,-1839.667
4,1,-275.000,-169.031,-1833.667
4,2,-312.000,-176.031,-1909.667
4,3,-259.000,-176.031,-1882.667
4,4,-336.000,-241.031,-1920.667
4,5,-225.789,-258.423,-1892.667
4,6,-374.789,-308.577,-1945.667
4,7,-177.789,-329.423,-1875.667
4,8,-424.789,-378.577,-1865.667
4,9,-126.789,-389.423,-1721.667
4,10,-312.789,-408.577,-1807.667
4,11,-249.000,-421.000,-1777.667
5,0,-297.000,-168.055,-1838.833
5,1,-275.000,-168.055,-1832.833
5,2,-312.000,-175.055,-1908.833
5,3,-259.000,-175.055,-1881.833
5,4,-336.000,-240.055,-1919.833
5,5,-224.569,-260.863,-1891.833
5,6,-373.569,-306.137,-1944.833
5,7,-176.569,-331.863,-1874.833
5,8,-423.569,-376.137,-1864.833
5,9,-125.569,-391.863,-1720.833
5,10,-311.569,-406.137,-1806.833
5,11,-249.000,-421.000,-1776.833
6,0,-297.000,-167.245,-1838.000
6,1,-275.000,-167.245,-1832.000
6,2,-312.000,-174.245,-1908.000
6,3,-259.000,-174.245,-1881.000
6,4,-336.000,-239.245,-1919.000
6,5,-223.557,-262.887,-1891.000
6,6,-372.557,-304.113,-1944.000
6,7,-175.557,-333.887,-1874.000
6,8,-422.557,-374.113,-1864.000
6,9,-124.557,-393.887,-1720.000
6,10,-310.557,-404.113,-1806.000
6,11,-249.000,-421.000,-1776.000
7,0,-297.000,-166.625,-1837.167
7,1,-275.000,-166.625,-1831.167
7,2,-312.000,-173.625,-1907.167
7,3,-259.000,-173.625,-1880.167
7,4,-336.000,-238.625,-1918.167
7,5,-222.781,-264.437,-1890.167
7,6,-371.781,-302.563,-1943.167
7,7,-174.781,-335.437,-1873.167
7,8,-421.781,-372.563,-1863.167
7,9,-123.781,-395.437,-1719.167
7,10,-309.781,-402.563,-1805.167
7,11,-249.000,-421.000,-1775.167
8,0,-297.000,-166.211,-1836.333
8,1,-275.000,-166.211,-1830.333
8,2,-312.000,-173.211,-1906.333
8,3,-259.000,-173.211,-1879.333
8,4,-336.000,-238.211,-1917.333
8,5,-222.264,-265.472,-1889.333
8,6,-371.264,-301.528,-1942.333
8,7,-174.264,-336.472,-1872.333
8,8,-421.264,-371.528,-1862.333
8,9,-123.264,-396.472,-1718.333
8,10,-309.264,-401.528,-1804.333
8,11,-249.000,-421.000,-1774.333
9,0,-297.000,-166.016,-1835.500
9,1,-275.000,-166.016,-1829.500
9,2,-312.000,-173.016,-1905.500
9,3,-259.000,-173.016,-1878.500
9,4,-336.000,-238.016,-1916.500
9,5,-222.020,-265.961,-1888.500
9,6,-371.020,-301.039,-1941.500
9,7,-174.020,-336.961,-1871.500
9,8,-421.020,-371.039,-1861.500
9,9,-123.020,-396.961,-1717.500
9,10,-309.020,-401.039,-1803.500
9,11,-249.000,-421.000,-1773.500
10,0,-297.000,-166.044,-1834.667
10,1,-275.000,-166.044,-1828.667
10,2,-312.000,-173.044,-1904.667
10,3,-259.000,-173.044,-1877.667
10,4,-336.000,-238.044,-1915.667
10,5,-222.055,-265.890,-1887.667
10,6,-371.055,-301.110,-1940.667
10,7,-174.055,-336.890,-1870.667
10,8,-421.055,-371.110,-1860.667
10,9,-123.055,-396.890,-1716.667
10,10,-309.055,-401.110,-1802.667
10,11,-249.000,-421.000,-1772.667
11,0,-297.000,-166.295,-1833.833
11,1,-275.000,-166.295,-1827.833
11,2,-312.000,-173.295,-1903.833
11,3,-259.000,-173.295,-1876.833
11,4,-336.000,-238.295,-1914.833
11,5,-222.368,-265.263,-1886.833
11,6,-371.368,-301.737,-1939.833
11,7,-174.368,-336.263,-1869.833
11,8,-421.368,-371.737,-1859.833
11,9,-123.368,-396.263,-1715.833
11,10,-309.368,-401.737,-1801.833
11,11,-249.000,-421.000,-1771.833
12,0,-297.000,-166.761,-1833.000
12,1,-275.000,-166.761,-1827.000
12,2,-312.000,-173.761,-1903.000
12,3,-259.000,-173.761,-1876.000
12,4,-336.000,-238.761,-1914.000
12,5,-222.952,-264.097,-1886.000
12,6,-371.952,-302.903,-1939.000
12,7,-174.952,-335.097,-1869.000
12,8,-421.952,-372.903,-1859.000
12,9,-123.952,-395.097,-1715.000
12,10,-309.952,-402.903,-1801.000
12,11,-249.000,-421.000,-1771.000
13,0,-297.000,-167.431,-1832.167
13,1,-275.000,-167.431,-1826.167
13,2,-312.000,-174.431,-1902.167
13,3,-259.000,-174.431,-1875.167
13,4,-336.000,-239.431,-1913.167
13,5,-223.789,-262.423,-1885.167
13,6,-372.789,-304.577,-1938.167
13,7,-175.789,-333.423,-1868.167
13,8,-422.789,-374.577,-1858.167
13,9,-124.789,-393.423,-1714.167
13,10,-310.789,-404.577,-1800.167
13,11,-249.000,-421.000,-1770.167
14,0,-297.000,-168.284,-1831.333
14,1,-275.000,-168.284,-1825.333
14,2,-312.000,-175.284,-1901.333
14,3,-259.000,-175.284,-1874.333
14,4,-336.000,-240.284,-1912.333
14,5,-224.855,-260.289,-1884.333
14,6,-373.855,-306.711,-1937.333
14,7,-176.855,-331.289,-1867.333
14,8,-423.855,-376.711,-1857.333
14,9,-125.855,-391.289,-1713.333
14,10,-311.855,-406.711,-1799.333
14,11,-249.000,-421.000,-1769.333
15,0,-297.000,-169.298,-1830.500
15,1,-275.000,-169.298,-1824.500
15,2,-312.000,-176.298,-1900.500
15,3,-259.000,-176.298,-1873.500
15,4,-336.000,-241.298,-1911.500
15,5,-226.122,-257.756,-1883.500
15,6,-375.122,-309.244,-1936.500
15,7,-178.122,-328.756,-1866.500
15,8,-425.122,-379.244,-1856.500
15,9,-127.122,-388.756,-1712.500
15,10,-313.122,-409.244,-1798.500
15,11,-249.000,-421.000,-1768.500
16,0,-297.000,-170.443,-1829.667
16,1,-275.000,-170.443,-1823.667
16,2,-312.000,-177.443,-1899.667
16,3,-259.000,-177.443,-1872.667
16,4,-336.000,-242.443,-1910.667
16,5,-227.554,-254.893,-1882.667
16,6,-376.554,-312.107,-1935.667
16,7,-179.554,-325.893,-1865.667
16,8,-426.554,-382.107,-1855.667
16,9,-128.554,-385.893,-1711.667
16,10,-314.554,-412.107,-1797.667
16,11,-249.000,-421.000,-1767.667
17,0,-297.000,-171.688,-1828.833
17,1,-275.000,-171.688,-1822.833
17,2,-312.000,-178.688,-1898.833
17,3,-259.000,-178.688,-1871.833
17,4,-336.000,-243.688,-1909.833
17,5,-229.110,-251.781,-1881.833
17,6,-378.110,-315.219,-1934.833
17,7,-181.110,-322.781,-1864.833
17,8,-428.110,-385.219,-1854.833
17,9,-130.110,-382.781,-1710.833
17,10,-316.110,-415.219,-1796.833
17,11,-249.000,-421.000,-1766.833
18,0,-297.000,-172.997,-1828.000
18,1,-275.000,-172.997,-1822.000
18,2,-312.000,-179.997,-1898.000
18,3,-259.000,-179.997,-1871.000
18,4,-336.000,-244.997,-1909.000
18,5,-230.747,-248.507,-1881.000
18,6,-379.747,-318.493,-1934.000
18,7,-182.747,-319.507,-1864.000
18,8,-429.747,-388.493,-1854.000
18,9,-131.747,-379.507,-1710.000
18,10,-317.747,-418.493,-1796.000
18,11,-249.000,-421.000,-1766.000
19,0,-297.000,-174.335,-1827.167
19,1,-275.000,-174.335,-1821.167
19,2,-312.000,-181.335,-1897.167
19,3,-259.000,-181.335,-1870.167
19,4,-336.000,-246.335,-1908.167
19,5,-232.419,-245.162,-1880.167
19,6,-381.419,-321.838,-1933.167
19,7,-184.419,-316.162,-1863.167
19,8,-431.419,-391.838,-1853.167
19,9,-133.419,-376.162,-1709.167
19,10,-319.419,-421.838,-1795.167
19,11,-249.000,-421.000,-1765.167
20,0,-297.000,-175.663,-1826.333
20,1,-275.000,-175.663,-1820.333
20,2,-312.000,-182.663,-1896.333
20,3,-259.000,-182.663,-1869.333
20,4,-336.000,-247.663,-1907.333
20,5,-234.079,-241.842,-1879.333
20,6,-383.079,-325.158,-1932.333
20,7,-186.079,-312.842,-1862.333
20,8,-433.079,-395.158,-1852.333
20,9,-135.079,-372.842,-1708.333
20,10,-321.079,-425.158,-1794.333
20,11,-249.000,-421.000,-1764.333
21,0,-297.000,-176.945,-1825.500
21,1,-275.000,-176.945,-1819.500
21,2,-312.000,-183.945,-1895.500
21,3,-259.000,-183.945,-1868.500
21,4,-336.000,-248.945,-1906.500
21,5,-235.681,-238.638,-1878.500
21,6,-384.681,-328.362,-1931.500
21,7,-187.681,-309.638,-1861.500
21,8,-434.681,-398.362,-1851.500
21,9,-136.681,-369.638,-1707.500
21,10,-322.681,-428.362,-1793.500
21,11,-249.000,-421.000,-1763.500
22,0,-297.000,-178.144,-1824.667
22,1,-275.000,-178.144,-1818.667
22,2,-312.000,-185.144,-1894.667
22,3,-259.000,-185.144,-1867.667
22,4,-336.000,-250.144,-1905.667
22,5,-237.180,-235.639,-1877.667
22,6,-386.180,-331.361,-1930.667
22,7,-189.180,-306.639,-1860.667
22,8,-436.180,-401.361,-1850.667
22,9,-138.180,-366.639,-1706.667
22,10,-324.180,-431.361,-1792.667
22,11,-249.000,-421.000,-1762.667
23,0,-297.000,-179.227,-1823.833
23,1,-275.000,-179.227,-1817.833
23,2,-312.000,-186.227,-1893.833
23,3,-259.000,-186.227,-1866.833
23,4,-336.000,-251.227,-1904.833
23,5,-238.534,-232.932,-1876.833
23,6,-387.534,-334.068,-1929.833
23,7,-190.534,-303.932,-1859.833
23,8,-437.534,-404.068,-1849.833
23,9,-139.534,-363.932,-1705.833
23,10,-325.534,-434.068,-1791.833
23,11,-249.000,-421.000,-1761.833
24,0,-297.000,-180.164,-1823.000
24,1,-275.000,-180.164,-1817.000
24,2,-312.000,-187.164,-1893.000
24,3,-259.000,-187.164,-1866.000
24,4,-336.000,-252.164,-1904.000
24,5,-239.705,-230.590,-1876.000
24,6,-388.705,-336.410,-1929.000
24,7,-191.705,-301.590,-1859.000
24,8,-438.705,-406.410,-1849.000
24,9,-140.705,-361.590,-1705.000
24,10,-326.705,-436.410,-1791.000
24,11,-249.000,-421.000,-1761.000
25,0,-297.000,-180.928,-1822.167
25,1,-275.000,-180.928,-1816.167
25,2,-312.000,-187.928,-1892.167
25,3,-259.000,-187.928,-1865.167
25,4,-336.000,-252.928,-1903.167
25,5,-240.660,-228.679,-1875.167
25,6,-389.660,-338.321,-1928.167
25,7,-192.660,-299.679,-1858.167
25,8,-439.660,-408.321,-1848.167
25,9,-141.660,-359.679,-1704.167
25,10,-327.660,-438.321,-1790.167
25,11,-249.000,-421.000,-1760.167
26,0,-297.000,-181.498,-1821.333
26,1,-275.000,-181.498,-1815.333
26,2,-312.000,-188.498,-1891.333
26,3,-259.000,-188.498,-1864.333
26,4,-336.000,-253.498,-1902.333
26,5,-241.373,-227.254,-1874.333
26,6,-390.373,-339.746,-1927.333
26,7,-193.373,-298.254,-1857.333
26,8,-440.373,-409.746,-1847.333
26,9,-142.373,-358.254,-1703.333
26,10,-328.373,-439.746,-1789.333
26,11,-249.000,-421.000,-1759.333
27,0,-297.000,-181.858,-1820.500
27,1,-275.000,-181.858,-1814.500
27,2,-312.000,-188.858,-1890.500
27,3,-259.000,-188.858,-1863.500
27,4,-336.000,-253.858,-1901.500
27,5,-241.823,-226.354,-1873.500
27,6,-390.823,-340.646,-1926.500
27,7,-193.823,-297.354,-1856.500
27,8,-440.823,-410.646,-1846.500
27,9,-142.823,-357.354,-1702.500
27,10,-328.823,-440.646,-1788.500
27,11,-249.000,-421.000,-1758.500
28,0,-297.000,-181.998,-1819.667
28,1,-275.000,-181.998,-1813.667
28,2,-312.000,-188.998,-1889.667
28,3,-259.000,-188.998,-1862.667
28,4,-336.000,-253.998,-1900.667
28,5,-241.998,-226.004,-1872.667
28,6,-390.998,-340.996,-1925.667
28,7,-193.998,-297.004,-1855.667
28,8,-440.998,-410.996,-1845.667
28,9,-142.998,-357.004,-1701.667
28,10,-328.998,-440.996,-1787.667
28,11,-249.000,-421.000,-1757.667
29,0,-297.000,-181.914,-1818.833
29,1,-275.000,-181.914,-1812.833
29,2,-312.000,-188.914,-1888.833
29,3,-259.000,-188.914,-1861.833
29,4,-336.000,-253.914,-1899.833
29,5,-241.893,-226.215,-1871.833
29,6,-390.893,-340.785,-1924.833
29,7,-193.893,-297.215,-1854.833
29,8,-440.893,-410.785,-1844.833
29,9,-142.893,-357.215,-1700.833
29,10,-328.893,-440.785,-1786.833
29,11,-249.000,-421.000,-1756.833
30,0,-297.000,-181.608,-1818.000
30,1,-275.000,-181.608,-1812.000
30,2,-312.000,-188.608,-1888.000
30,3,-259.000,-188.608,-1861.000
30,4,-336.000,-253.608,-1899.000
30,5,-241.511,-226.979,-1871.000
30,6,-390.511,-340.021,-1924.000
30,7,-193.511,-297.979,-1854.000
30,8,-440.511,-410.021,-1844.000
30,9,-142.511,-357.979,-1700.000
30,10,-328.511,-440.021,-1786.000
30,11,-249.000,-421.000,-1756.000
31,0,-297.000,-181.090,-1817.167
31,1,-275.000,-181.090,-1811.167
31,2,-312.000,-188.090,-1887.167
31,3,-259.000,-188.090,-1860.167
31,4,-336.000,-253.090,-1898.167
31,5,-240.862,-228.276,-1870.167
31,6,-389.862,-338.724,-1923.167
31,7,-192.862,-299.276,-1853.167
31,8,-439.862,-408.724,-1843.167
31,9,-141.862,-359.276,-1699.167
31,10,-327.862,-438.724,-1785.167
31,11,-249.000,-421.000,-1755.167
32,0,-297.000,-180.372,-1816.333
32,1,-275.000,-180.372,-1810.333
32,2,-312.000,-187.372,-1886.333
32,3,-259.000,-187.372,-1859.333
32,4,-336.000,-252.372,-1897.333
32,5,-239.965,-230.069,-1869.333
32,6,-388.965,-336.931,-1922.333
32,7,-191.965,-301.069,-1852.333
32,8,-438.965,-406.931,-1842.333
32,9,-140.965,-361.069,-1698.333
32,10,-326.965,-436.931,-1784.333
32,11,-249.000,-421.000,-1754.333
33,0,-297.000,-179.476,-1815.500
33,1,-275.000,-179.476,-1809.500
33,2,-312.000,-186.476,-1885.500
33,3,-259.000,-186.476,-1858.500
33,4,-336.000,-251.476,-1896.500
33,5,-238.845,-232.309,-1868.500
33,6,-387.845,-334.691,-1921.500
33,7,-190.845,-303.309,-1851.500
33,8,-437.845,-404.691,-1841.500
33,9,-139.845,-363.309,-1697.500
33,10,-325.845,-434.691,-1783.500
33,11,-249.000,-421.000,-1753.500
34,0,-297.000,-178.427,-1814.667
34,1,-275.000,-178.427,-1808.667
34,2,-312.000,-185.427,-1884.667
34,3,-259.000,-185.427,-1857.667
34,4,-336.000,-250.427,-1895.667
34,5,-237.534,-234.932,-1867.667
34,6,-386.534,-332.068,-1920.667
34,7,-189.534,-305.932,-1850.667
34,8,-436.534,-402.068,-1840.667
34,9,-138.534,-365.932,-1696.667
34,10,-324.534,-432.068,-1782.667
34,11,-249.000,-421.000,-1752.667
35,0,-297.000,-177.254,-1813.833
35,1,-275.000,-177.254,-1807.833
35,2,-312.000,-184.254,-1883.833
35,3,-259.000,-184.254,-1856.833
35,4,-336.000,-249.254,-1894.833
35,5,-236.067,-237.865,-1866.833
35,6,-385.067,-329.135,-1919.833
35,7,-188.067,-308.865,-1849.833
35,8,-435.067,-399.135,-1839.833
35,9,-137.067,-368.865,-1695.833
35,10,-323.067,-429.135,-1781.833
35,11,-249.000,-421.000,-1751.833
36,0,-297.000,-175.990,-1813.000
36,1,-275.000,-175.990,-1807.000
36,2,-312.000,-182.990,-1883.000
36,3,-259.000,-182.990,-1856.000
36,4,-336.000,-247.990,-1894.000
36,5,-234.487,-241.026,-1866.000
36,6,-383.487,-325.974,-1919.000
36,7,-186.487,-312.026,-1849.000
36,8,-433.487,-395.974,-1839.000
36,9,-135.487,-372.026,-1695.000
36,10,-321.487,-425.974,-1781.000
36,11,-249.000,-421.000,-1751.000
37,0,-297.000,-174.669,-1812.167
37,1,-275.000,-174.669,-1806.167
37,2,-312.000,-181.669,-1882.167
37,3,-259.000,-181.669,-1855.167
37,4,-336.000,-246.669,-1893.167
37,5,-232.837,-244.326,-1865.167
37,6,-381.837,-322.674,-1918.167
37,7,-184.837,-315.326,-1848.167
37,8,-431.837,-392.674,-1838.167
37,9,-133.837,-375.326,-1694.167
37,10,-319.837,-422.674,-1780.167
37,11,-249.000,-421.000,-1750.167
38,0,-297.000,-173.331,-1811.333
38,1,-275.000,-173.331,-1805.333
38,2,-312.000,-180.331,-1881.333
38,3,-259.000,-180.331,-1854.333
38,4,-336.000,-245.331,-1892.333
38,5,-231.163,-247.674,-1864.333
38,6,-380.163,-319.326,-1917.333
38,7,-183.163,-318.674,-1847.333
38,8,-430.163,-389.326,-1837.333
38,9,-132.163,-378.674,-1693.333
38,10,-318.163,-419.326,-1779.333
38,11,-249.000,-421.000,-1749.333
39,0,-297.000,-172.010,-1810.500
39,1,-275.000,-172.010,-1804.500
39,2,-312.000,-179.010,-1880.500
39,3,-259.000,-179.010,-1853.500
39,4,-336.000,-244.010,-1891.500
39,5,-229.513,-250.974,-1863.500
39,6,-378.513,-316.026,-1916.500
39,7,-181.513,-321.974,-1846.500
39,8,-428.513,-386.026,-1836.500
39,9,-130.513,-381.974,-1692.500
39,10,-316.513,-416.026,-1778.500
39,11,-249.000,-421.000,-1748.500
40,0,-297.000,-170.746,-1809.667
40,1,-275.000,-170.746,-1803.667
40,2,-312.000,-177.746,-1879.667
40,3,-259.000,-177.746,-1852.667
40,4,-336.000,-242.746,-1890.667
40,5,-227.933,-254.135,-1862.667
40,6,-376.933,-312.865,-1915.667
40,7,-179.933,-325.135,-1845.667
40,8,-426.933,-382.865,-1835.667
40,9,-128.933,-385.135,-1691.667
40,10,-314.933,-412.865,-1777.667
40,11,-249.000,-421.000,-1747.667
41,0,-297.000,-169.573,-1808.833
41,1,-275.000,-169.573,-1802.833
41,2,-312.000,-176.573,-1878.833
41,3,-259.000,-176.573,-1851.833
41,4,-336.000,-241.573,-1889.833
41,5,-226.466,-257.068,-1861.833
41,6,-375.466,-309.932,-1914.833
41,7,-178.466,-328.068,-1844.833
41,8,-425.466,-379.932,-1834.833
41,9,-127.466,-388.068,-1690.833
41,10,-313.466,-409.932,-1776.833
41,11,-249.000,-421.000,-1746.833
42,0,-297.000,-168.524,-1808.000
42,1,-275.000,-168.524,-1802.000
42,2,-312.000,-175.524,-1878.000
42,3,-259.000,-175.524,-1851.000
42,4,-336.000,-240.524,-1889.000
42,5,-225.155,-259.691,-1861.000
42,6,-374.155,-307.309,-1914.000
42,7,-177.155,-330.691,-1844.000
42,8,-424.155,-377.309,-1834.000
42,9,-126.155,-390.691,-1690.000
42,10,-312.155,-407.309,-1776.000
42,11,-249.000,-421.000,-1746.000
43,0,-297.000,-167.628,-1807.167
43,1,-275.000,-167.628,-1801.167
43,2,-312.000,-174.628,-1877.167
43,3,-259.000,-174.628,-1850.167
43,4,-336.000,-239.628,-1888.167
43,5,-224.035,-261.931,-1860.167
43,6,-373.035,-305.069,-1913.167
43,7,-176.035,-332.931,-1843.167
43,8,-423.035,-375.069,-1833.167
43,9,-125.035,-392.931,-1689.167
43,10,-311.035,-405.069,-1775.167
43,11,-249.000,-421.000,-1745.167
44,0,-297.000,-166.910,-1806.333
44,1,-275.000,-166.910,-1800.333
44,2,-312.000,-173.910,-1876.333
44,3,-259.000,-173.910,-1849.333
44,4,-336.000,-238.910,-1887.333
44,5,-223.138,-263.724,-1859.333
44,6,-372.138,-303.276,-1912.333
44,7,-175.138,-334.724,-1842.333
44,8,-422.138,-373.276,-1832.333
44,9,-124.138,-394.724,-1688.333
44,10,-310.138,-403.276,-1774.333
44,11,-249.000,-421.000,-1744.333
45,0,-297.000,-166.392,-1805.500
45,1,-275.000,-166.392,-1799.500
45,2,-312.000,-173.392,-1875.500
45,3,-259.000,-173.392,-1848.500
45,4,-336.000,-238.392,-1886.500
45,5,-222.489,-265.021,-1858.500
45,6,-371.489,-301.979,-1911.500
45,7,-174.489,-336.021,-1841.500
45,8,-421.489,-371.979,-1831.500
45,9,-123.489,-396.021,-1687.500
45,10,-309.489,-401.979,-1773.500
45,11,-249.000,-421.000,-1743.500
46,0,-297.000,-166.086,-1804.667
46,1,-275.000,-166.086,-1798.667
46,2,-312.000,-173.086,-1874.667
46,3,-259.000,-173.086,-1847.667
46,4,-336.000,-238.086,-1885.667
46,5,-222.107,-265.785,-1857.667
46,6,-371.107,-301.215,-1910.667
46,7,-174.107,-336.785,-1840.667
46,8,-421.107,-371.215,-1830.667
46,9,-123.107,-396.785,-1686.667
46,10,-309.107,-401.215,-1772.667
46,11,-249.000,-421.000,-1742.667
47,0,-297.000,-166.002,-1803.833
47,1,-275.000,-166.002,-1797.833
47,2,-312.000,-173.002,-1873.833
47,3,-259.000,-173.002,-1846.833
47,4,-336.000,-238.002,-1884.833
47,5,-222.002,-265.996,-1856.833
47,6,-371.002,-301.004,-1909.833
47,7,-174.002,-336.996,-1839.833
47,8,-421.002,-371.004,-1829.833
47,9,-123.002,-396.996,-1685.833
47,10,-309.002,-401.004,-1771.833
47,11,-249.000,-421.000,-1741.833
48,0,-297.000,-166.142,-1803.000
48,1,-275.000,-166.142,-1797.000
48,2,-312.000,-173.142,-1873.000
48,3,-259.000,-173.142,-1846.000
48,4,-336.000,-238.142,-1884.000
48,5,-222.177,-265.646,-1856.000
48,6,-371.177,-301.354,-1909.000
48,7,-174.177,-336.646,-1839.000
48,8,-421.177,-371.354,-1829.000
48,9,-123.177,-396.646,-1685.000
48,10,-309.177,-401.354,-1771.000
48,11,-249.000,-421.000,-1741.000
49,0,-297.000,-166.502,-1802.167
49,1,-275.000,-166.502,-1796.167
49,2,-312.000,-173.502,-1872.167
49,3,-259.000,-173.502,-1845.167
49,4,-336.000,-238.502,-1883.167
49,5,-222.627,-264.746,-1855.167
49,6,-371.627,-302.254,-1908.167
49,7,-174.627,-335.746,-1838.167
49,8,-421.627,-372.254,-1828.167
49,9,-123.627,-395.746,-1684.167
49,10,-309.627,-402.254,-1770.167
49,11,-249.000,-421.000,-1740.167
50,0,-297.000,-167.072,-1801.333
50,1,-275.000,-167.072,-1795.333
50,2,-312.000,-174.072,-1871.333
50,3,-259.000,-174.072,-1844.333
50,4,-336.000,-239.072,-1882.333
50,5,-223.340,-263.321,-1854.333
50,6,-372.340,-303.679,-1907.333
50,7,-175.340,-334.321,-1837.333
50,8,-422.340,-373.679,-1827.333
50,9,-124.340,-394.321,-1683.333
50,10,-310.340,-403.679,-1769.333
50,11,-249.000,-421.000,-1739.333
51,0,-297.000,-167.836,-1800.500
51,1,-275.000,-167.836,-1794.500
51,2,-312.000,-174.836,-1870.500
51,3,-259.000,-174.836,-1843.500
51,4,-336.000,-239.836,-1881.500
51,5,-224.295,-261.410,-1853.500
51,6,-373.295,-305.590,-1906.500
51,7,-176.295,-332.410,-1836.500
51,8,-423.295,-375.590,-1826.500
51,9,-125.295,-392.410,-1682.500
51,10,-311.295,-405.590,-1768.500
51,11,-249.000,-421.000,-1738.500
52,0,-297.000,-168.773,-1799.667
52,1,-275.000,-168.773,-1793.667
52,2,-312.000,-175.773,-1869.667
52,3,-259.000,-175.773,-1842.667
52,4,-336.000,-240.773,-1880.667
52,5,-225.466,-259.068,-1852.667
52,6,-374.466,-307.932,-1905.667
52,7,-177.466,-330.068,-1835.667
52,8,-424.466,-377.932,-1825.667
52,9,-126.466,-390.068,-1681.667
52,10,-312.466,-407.932,-1767.667
52,11,-249.000,-421.000,-1737.667
53,0,-297.000,-169.856,-1798.833
53,1,-275.000,-169.856,-1792.833
53,2,-312.000,-176.856,-1868.833
53,3,-259.000,-176.856,-1841.833
53,4,-336.000,-241.856,-1879.833
53,5,-226.820,-256.361,-1851.833
53,6,-375.820,-310.639,-1904.833
53,7,-178.820,-327.361,-1834.833
53,8,-425.820,-380.639,-1824.833
53,9,-127.820,-387.361,-1680.833
53,10,-313.820,-410.639,-1766.833
53,11,-249.000,-421.000,-1736.833
54,0,-297.000,-171.055,-1798.000
54,1,-275.000,-171.055,-1792.000
54,2,-312.000,-178.055,-1868.000
54,3,-259.000,-178.055,-1841.000
54,4,-336.000,-243.055,-1879.000
54,5,-228.319,-253.362,-1851.000
54,6,-377.319,-313.638,-1904.000
54,7,-180.319,-324.362,-1834.000
54,8,-427.319,-383.638,-1824.000
54,9,-129.319,-384.362,-1680.000
54,10,-315.319,-413.638,-1766.000
54,11,-249.000,-421.000,-1736.000
55,0,-297.000,-172.337,-1797.167
55,1,-275.000,-172.337,-1791.167
55,2,-312.000,-179.337,-1867.167
55,3,-259.000,-179.337,-1840.167
55,4,-336.000,-244.337,-1878.167
55,5,-229.921,-250.158,-1850.167
55,6,-378.921,-316.842,-1903.167
55,7,-181.921,-321.158,-1833.167
55,8,-428.921,-386.842,-1823.167
55,9,-130.921,-381.158,-1679.167
55,10,-316.921,-416.842,-1765.167
55,11,-249.000,-421.000,-1735.167
56,0,-297.000,-173.665,-1796.333
56,1,-275.000,-173.665,-1790.333
56,2,-312.000,-180.665,-1866.333
56,3,-259.000,-180.665,-1839.333
56,4,-336.000,-245.665,-1877.333
56,5,-231.581,-246.838,-1849.333
56,6,-380.581,-320.162,-1902.333
56,7,-183.581,-317.838,-1832.333
56,8,-430.581,-390.162,-1822.333
56,9,-132.581,-377.838,-1678.333
56,10,-318.581,-420.162,-1764.333
56,11,-249.000,-421.000,-1734.333
57,0,-297.000,-175.003,-1795.500
57,1,-275.000,-175.003,-1789.500
57,2,-312.000,-182.003,-1865.500
57,3,-259.000,-182.003,-1838.500
57,4,-336.000,-247.003,-1876.500
57,5,-233.253,-243.493,-1848.500
57,6,-382.253,-323.507,-1901.500
57,7,-185.253,-314.493,-1831.500
57,8,-432.253,-393.507,-1821.500
57,9,-134.253,-374.493,-1677.500
57,10,-320.253,-423.507,-1763.500
57,11,-249.000,-421.000,-1733.500
58,0,-297.000,-176.312,-1794.667
58,1,-275.000,-176.312,-1788.667
58,2,-312.000,-183.312,-1864.667
58,3,-259.000,-183.312,-1837.667
58,4,-336.000,-248.312,-1875.667
58,5,-234.890,-240.219,-1847.667
58,6,-383.890,-326.781,-1900.667
58,7,-186.890,-311.219,-1830.667
58,8,-433.890,-396.781,-1820.667
58,9,-135.890,-371.219,-1676.667
58,10,-321.890,-426.781,-1762.667
58,11,-249.000,-421.000,-1732.667
59,0,-297.000,-177.557,-1793.833
59,1,-275.000,-177.557,-1787.833
59,2,-312.000,-184.557,-1863.833
59,3,-259.000,-184.557,-1836.833
59,4,-336.000,-249.557,-1874.833
59,5,-236.446,-237.107,-1846.833
59,6,-385.446,-329.893,-1899.833
59,7,-188.446,-308.107,-1829.833
59,8,-435.446,-399.893,-1819.833
59,9,-137.446,-368.107,-1675.833
59,10,-323.446,-429.893,-1761.833
59,11,-249.000,-421.000,-1731.833
60,0,-297.000,-178.702,-1793.000
60,1,-275.000,-178.702,-1787.000
60,2,-312.000,-185.702,-1863.000
60,3,-259.000,-185.702,-1836.000
60,4,-336.000,-250.702,-1874.000
60,5,-237.878,-234.244,-1846.000
60,6,-386.878,-332.756,-1899.000
60,7,-189.878,-305.244,-1829.000
60,8,-436.878,-402.756,-1819.000
60,9,-138.878,-365.244,-1675.000
60,10,-324.878,-432.756,-1761.000
60,11,-249.000,-421.000,-1731.000
61,0,-297.000,-179.716,-1792.167
61,1,-275.000,-179.716,-1786.167
61,2,-312.000,-186.716,-1862.167
61,3,-259.000,-186.716,-1835.167
61,4,-336.000,-251.716,-1873.167
61,5,-239.145,-231.711,-1845.167
61,6,-388.145,-335.289,-1898.167
61,7,-191.145,-302.711,-1828.167
61,8,-438.145,-405.289,-1818.167
61,9,-140.145,-362.711,-1674.167
61,10,-326.145,-435.289,-1760.167
61,11,-249.000,-421.000,-1730.167
62,0,-297.000,-180.569,-1791.333
62,1,-275.000,-180.569,-1785.333
62,2,-312.000,-187.569,-1861.333
62,3,-259.000,-187.569,-1834.333
62,4,-336.000,-252.569,-1872.333
62,5,-240.211,-229.577,-1844.333
62,6,-389.211,-337.423,-1897.333
62,7,-192.211,-300.577,-1827.333
62,8,-439.211,-407.423,-1817.333
62,9,-141.211,-360.577,-1673.333
62,10,-327.211,-437.423,-1759.333
62,11,-249.000,-421.000,-1729.333
63,0,-297.000,-181.239,-1790.500
63,1,-275.000,-181.239,-1784.500
63,2,-312.000,-188.239,-1860.500
63,3,-259.000,-188.239,-1833.500
63,4,-336.000,-253.239,-1871.500
63,5,-241.048,-227.903,-1843.500
63,6,-390.048,-339.097,-1896.500
63,7,-193.048,-298.903,-1826.500
63,8,-440.048,-409.097,-1816.500
63,9,-142.048,-358.903,-1672.500
63,10,-328.048,-439.097,-1758.500
63,11,-249.000,-421.000,-1728.500
64,0,-297.000,-181.705,-1789.667
64,1,-275.000,-181.705,-1783.667
64,2,-312.000,-188.705,-1859.667
64,3,-259.000,-188.705,-1832.667
64,4,-336.000,-253.705,-1870.667
64,5,-241.632,-226.737,-1842.667
64,6,-390.632,-340.263,-1895.667
64,7,-193.632,-297.737,-1825.667
64,8,-440.632,-410.263,-1815.667
64,9,-142.632,-357.737,-1671.667
64,10,-328.632,-440.263,-1757.667
64,11,-249.000,-421.000,-1727.667
65,0,-297.000,-181.956,-1788.833
65,1,-275.000,-181.956,-1782.833
65,2,-312.000,-188.956,-1858.833
65,3,-259.000,-188.956,-1831.833
65,4,-336.000,-253.956,-1869.833
65,5,-241.945,-226.110,-1841.833
65,6,-390.945,-340.890,-1894.833
65,7,-193.945,-297.110,-1824.833
65,8,-440.945,-410.890,-1814.833
65,9,-142.945,-357.110,-1670.833
65,10,-328.945,-440.890,-1756.833
65,11,-249.000,-421.000,-1726.833
66,0,-297.000,-181.984,-1788.000
66,1,-275.000,-181.984,-1782.000
66,2,-312.000,-188.984,-1858.000
66,3,-259.000,-188.984,-1831.000
66,4,-336.000,-253.984,-1869.000
66,5,-241.980,-226.039,-1841.000
66,6,-390.980,-340.961,-1894.000
66,7,-193.980,-297.039,-1824.000
66,8,-440.980,-410.961,-1814.000
66,9,-142.980,-357.039,-1670.000
66,10,-328.980,-440.961,-1756.000
66,11,-249.000,-421.000,-1726.000
67,0,-297.000,-181.789,-1787.167
67,1,-275.000,-181.789,-1781.167
67,2,-312.000,-188.789,-1857.167
67,3,-259.000,-188.789,-1830.167
67,4,-336.000,-253.789,-1868.167
67,5,-241.736,-226.528,-1840.167
67,6,-390.736,-340.472,-1893.167
67,7,-193.736,-297.528,-1823.167
67,8,-440.736,-410.472,-1813.167
67,9,-142.736,-357.528,-1669.167
67,10,-328.736,-440.472,-1755.167
67,11,-249.000,-421.000,-1725.167
68,0,-297.000,-181.375,-1786.333
68,1,-275.000,-181.375,-1780.333
68,2,-312.000,-188.375,-1856.333
68,3,-259.000,-188.375,-1829.333
68,4,-336.000,-253.375,-1867.333
68,5,-241.219,-227.563,-1839.333
68,6,-390.219,-339.437,-1892.333
68,7,-193.219,-298.563,-1822.333
68,8,-440.219,-409.437,-1812.333
68,9,-142.219,-358.563,-1668.333
68,10,-328.219,-439.437,-1754.333
68,11,-249.000,-421.000,-1724.333
69,0,-297.000,-180.755,-1785.500
69,1,-275.000,-180.755,-1779.500
69,2,-312.000,-187.755,-1855.500
69,3,-259.000,-187.755,-1828.500
69,4,-336.000,-252.755,-1866.500
69,5,-240.443,-229.113,-1838.500
69,6,-389.443,-337.887,-1891.500
69,7,-192.443,-300.113,-1821.500
69,8,-439.443,-407.887,-1811.500
69,9,-141.443,-360.113,-1667.500
69,10,-327.443,-437.887,-1753.500
69,11,-249.000,-421.000,-1723.500
70,0,-297.000,-179.945,-1784.667
70,1,-275.000,-179.945,-1778.667
70,2,-312.000,-186.945,-1854.667
70,3,-259.000,-186.945,-1827.667
70,4,-336.000,-251.945,-1865.667
70,5,-239.431,-231.137,-1837.667
70,6,-388.431,-335.863,-1890.667
70,7,-191.431,-302.137,-1820.667
70,8,-438.431,-405.863,-1810.667
70,9,-140.431,-362.137,-1666.667
70,10,-326.431,-435.863,-1752.667
70,11,-249.000,-421.000,-1722.667
71,0,-297.000,-178.969,-1783.833
71,1,-275.000,-178.969,-1777.833
71,2,-312.000,-185.969,-1853.833
71,3,-259.000,-185.969,-1826.833
71,4,-336.000,-250.969,-1864.833
71,5,-238.211,-233.577,-1836.833
71,6,-387.211,-333.423,-1889.833
71,7,-190.211,-304.577,-1819.833
71,8,-437.211,-403.423,-1809.833
71,9,-139.211,-364.577,-1665.833
71,10,-325.211,-433.423,-1751.833
71,11,-249.000,-421.000,-1721.833
72,0,-297.000,-177.854,-1783.000
72,1,-275.000,-177.854,-1777.000
72,2,-312.000,-184.854,-1853.000
72,3,-259.000,-184.854,-1826.000
72,4,-336.000,-249.854,-1864.000
72,5,-236.818,-236.365,-1836.000
72,6,-385.818,-330.635,-1889.000
72,7,-188.818,-307.365,-1819.000
72,8,-435.818,-400.635,-1809.000
72,9,-137.818,-367.365,-1665.000
72,10,-323.818,-430.635,-1751.000
72,11,-249.000,-421.000,-1721.000
73,0,-297.000,-176.631,-1782.167
73,1,-275.000,-176.631,-1776.167
73,2,-312.000,-183.631,-1852.167
73,3,-259.000,-183.631,-1825.167
73,4,-336.000,-248.631,-1863.167
73,5,-235.289,-239.423,-1835.167
73,6,-384.289,-327.577,-1888.167
73,7,-187.289,-310.423,-1818.167
73,8,-434.289,-397.577,-1808.167
73,9,-136.289,-370.423,-1664.167
73,10,-322.289,-427.577,-1750.167
73,11,-249.000,-421.000,-1720.167
74,0,-297.000,-175.334,-1781.333
74,1,-275.000,-175.334,-1775.333
74,2,-312.000,-182.334,-1851.333
74,3,-259.000,-182.334,-1824.333
74,4,-336.000,-247.334,-1862.333
74,5,-233.668,-242.665,-1834.333
74,6,-382.668,-324.335,-1887.333
74,7,-185.668,-313.665,-1817.333
74,8,-432.668,-394.335,-1807.333
74,9,-134.668,-373.665,-1663.333
74,10,-320.668,-424.335,-1749.333
74,11,-249.000,-421.000,-1719.333
75,0,-297.000,-174.000,-1780.500
75,1,-275.000,-174.000,-1774.500
75,2,-312.000,-181.000,-1850.500
75,3,-259.000,-181.000,-1823.500
75,4,-336.000,-246.000,-1861.500
75,5,-232.000,-246.000,-1833.500
75,6,-381.000,-321.000,-1886.500
75,7,-184.000,-317.000,-1816.500
75,8,-431.000,-391.000,-1806.500
75,9,-133.000,-377.000,-1662.500
75,10,-319.000,-421.000,-1748.500
75,11,-249.000,-421.000,-1718.500
76,0,-297.000,-172.666,-1779.667
76,1,-275.000,-172.666,-1773.667
76,2,-312.000,-179.666,-1849.667
76,3,-259.000,-179.666,-1822.667
76,4,-336.000,-244.666,-1860.667
76,5,-230.332,-249.335,-1832.667
76,6,-379.332,-317.665,-1885.667
76,7,-182.332,-320.335,-1815.667
76,8,-429.332,-387.665,-1805.667
76,9,-131.332,-380.335,-1661.667
76,10,-317.332,-417.665,-1747.667
76,11,-249.000,-421.000,-1717.667
77,0,-297.000,-171.369,-1778.833
77,1,-275.000,-171.369,-1772.833
77,2,-312.000,-178.369,-1848.833
77,3,-259.000,-178.369,-1821.833
77,4,-336.000,-243.369,-1859.833
77,5,-228.711,-252.577,-1831.833
77,6,-377.711,-314.423,-1884.833
77,7,-180.711,-323.577,-1814.833
77,8,-427.711,-384.423,-1804.833
77,9,-129.711,-383.577,-1660.833
77,10,-315.711,-414.423,-1746.833
77,11,-249.000,-421.000,-1716.833
78,0,-297.000,-170.146,-1778.000
78,1,-275.000,-170.146,-1772.000
78,2,-312.000,-177.146,-1848.000
78,3,-259.000,-177.146,-1821.000
78,4,-336.000,-242.146,-1859.000
78,5,-227.182,-255.635,-1831.000
78,6,-376.182,-311.365,-1884.000
78,7,-179.182,-326.635,-1814.000
78,8,-426.182,-381.365,-1804.000
78,9,-128.182,-386.635,-1660.000
78,10,-314.182,-411.365,-1746.000
78,11,-249.000,-421.000,-1716.000
79,0,-297.000,-169.031,-1777.167
79,1,-275.000,-169.031,-1771.167
79,2,-312.000,-176.031,-1847.167
79,3,-259.000,-176.031,-1820.167
79,4,-336.000,-241.031,-1858.167
79,5,-225.789,-258.423,-1830.167
79,6,-374.789,-308.577,-1883.167
79,7,-177.789,-329.423,-1813.167
79,8,-424.789,-378.577,-1803.167
79,9,-126.789,-389.423,-1659.167
79,10,-312.789,-408.577,-1745.167
79,11,-249.000,-421.000,-1715.167
80,0,-297.000,-168.055,-1776.333
80,1,-275.000,-168.055,-1770.333
80,2,-312.000,-175.055,-1846.333
80,3,-259.000,-175.055,-1819.333
80,4,-336.000,-240.055,-1857.333
80,5,-224.569,-260.863,-1829.333
80,6,-373.569,-306.137,-1882.333
80,7,-176.569,-331.863,-1812.333
80,8,-423.569,-376.137,-1802.333
80,9,-125.569,-391.863,-1658.333
80,10,-311.569,-406.137,-1744.333
80,11,-249.000,-421.000,-1714.333
81,0,-297.000,-167.245,-1775.500
81,1,-275.000,-167.245,-1769.500
81,2,-312.000,-174.245,-1845.500
81,3,-259.000,-174.245,-1818.500
81,4,-336.000,-239.245,-1856.500
81,5,-223.557,-262.887,-1828.500
81,6,-372.557,-304.113,-1881.500
81,7,-175.557,-333.887,-1811.500
81,8,-422.557,-374.113,-1801.500
81,9,-124.557,-393.887,-1657.500
81,10,-310.557,-404.113,-1743.500
81,11,-249.000,-421.000,-1713.500
82,0,-297.000,-166.625,-1774.667
82,1,-275.000,-166.625,-1768.667
82,2,-312.000,-173.625,-1844.667
82,3,-259.000,-173.625,-1817.667
82,4,-336.000,-238.625,-1855.667
82,5,-222.781,-264.437,-1827.667
82,6,-371.781,-302.563,-1880.667
82,7,-174.781,-335.437,-1810.667
82,8,-421.781,-372.563,-1800.667
82,9,-123.781,-395.437,-1656.667
82,10,-309.781,-402.563,-1742.667
82,11,-249.000,-421.000,-1712.667
83,0,-297.000,-166.211,-1773.833
83,1,-275.000,-166.211,-1767.833
83,2,-312.000,-173.211,-1843.833
83,3,-259.000,-173.211,-1816.833
83,4,-336.000,-238.211,-1854.833
83,5,-222.264,-265.472,-1826.833
83,6,-371.264,-301.528,-1879.833
83,7,-174.264,-336.472,-1809.833
83,8,-421.264,-371.528,-1799.833
83,9,-123.264,-396.472,-1655.833
83,10,-309.264,-401.528,-1741.833
83,11,-249.000,-421.000,-1711.833
84,0,-297.000,-166.016,-1773.000
84,1,-275.000,-166.016,-1767.000
84,2,-312.000,-173.016,-1843.000
84,3,-259.000,-173.016,-1816.000
84,4,-336.000,-238.016,-1854.000
84,5,-222.020,-265.961,-1826.000
84,6,-371.020,-301.039,-1879.000
84,7,-174.020,-336.961,-1809.000
84,8,-421.020,-371.039,-1799.000
84,9,-123.020,-396.961,-1655.000
84,10,-309.020,-401.039,-1741.000
84,11,-249.000,-421.000,-1711.000
85,0,-297.000,-166.044,-1772.167
85,1,-275.000,-166.044,-1766.167
85,2,-312.000,-173.044,-1842.167
85,3,-259.000,-173.044,-1815.167
85,4,-336.000,-238.044,-1853.167
85,5,-222.055,-265.890,-1825.167
85,6,-371.055,-301.110,-1878.167
85,7,-174.055,-336.890,-1808.167
85,8,-421.055,-371.110,-1798.167
85,9,-123.055,-396.890,-1654.167
85,10,-309.055,-401.110,-1740.167
85,11,-249.000,-421.000,-1710.167
86,0,-297.000,-166.295,-1771.333
86,1,-275.000,-166.295,-1765.333
86,2,-312.000,-173.295,-1841.333
86,3,-259.000,-173.295,-1814.333
86,4,-336.000,-238.295,-1852.333
86,5,-222.368,-265.263,-1824.333
86,6,-371.368,-301.737,-1877.333
86,7,-174.368,-336.263,-1807.333
86,8,-421.368,-371.737,-1797.333
86,9,-123.368,-396.263,-1653.333
86,10,-309.368,-401.737,-1739.333
86,11,-249.000,-421.000,-1709.333
87,0,-297.000,-166.761,-1770.500
87,1,-275.000,-166.761,-1764.500
87,2,-312.000,-173.761,-1840.500
87,3,-259.000,-173.761,-1813.500
87,4,-336.000,-238.761,-1851.500
87,5,-222.952,-264.097,-1823.500
87,6,-371.952,-302.903,-1876.500
87,7,-174.952,-335.097,-1806.500
87,8,-421.952,-372.903,-1796.500
87,9,-123.952,-395.097,-1652.500
87,10,-309.952,-402.903,-1738.500
87,11,-249.000,-421.000,-1708.500
88,0,-297.000,-167.431,-1769.667
88,1,-275.000,-167.431,-1763.667
88,2,-312.000,-174.431,-1839.667
88,3,-259.000,-174.431,-1812.667
88,4,-336.000,-239.431,-1850.667
88,5,-223.789,-262.423,-1822.667
88,6,-372.789,-304.577,-1875.667
88,7,-175.789,-333.423,-1805.667
88,8,-422.789,-374.577,-1795.667
88,9,-124.789,-393.423,-1651.667
88,10,-310.789,-404.577,-1737.667
88,11,-249.000,-421.000,-1707.667
89,0,-297.000,-168.284,-1768.833
89,1,-275.000,-168.284,-1762.833
89,2,-312.000,-175.284,-1838.833
89,3,-259.000,-175.284,-1811.833
89,4,-336.000,-240.284,-1849.833
89,5,-224.855,-260.289,-1821.833
89,6,-373.855,-306.711,-1874.833
89,7,-176.855,-331.289,-1804.833
89,8,-423.855,-376.711,-1794.833
89,9,-125.855,-391.289,-1650.833
89,10,-311.855,-406.711,-1736.833
89,11,-249.000,-421.000,-1706.833
90,0,-297.000,-169.298,-1768.000
90,1,-275.000,-169.298,-1762.000
90,2,-312.000,-176.298,-1838.000
90,3,-259.000,-176.298,-1811.000
90,4,-336.000,-241.298,-1849.000
90,5,-226.122,-257.756,-1821.000
90,6,-375.122,-309.244,-1874.000
90,7,-178.122,-328.756,-1804.000
90,8,-425.122,-379.244,-1794.000
90,9,-127.122,-388.756,-1650.000
90,10,-313.122,-409.244,-1736.000
90,11,-249.000,-421.000,-1706.000
91,0,-297.000,-170.443,-1767.167
91,1,-275.000,-170.443,-1761.167
91,2,-312.000,-177.443,-1837.167
91,3,-259.000,-177.443,-1810.167
91,4,-336.000,-242.443,-1848.167
91,5,-227.554,-254.893,-1820.167
91,6,-376.554,-312.107,-1873.167
91,7,-179.554,-325.893,-1803.167
91,8,-426.554,-382.107,-1793.167
91,9,-128.554,-385.893,-1649.167
91,10,-314.554,-412.107,-1735.167
91,11,-249.000,-421.000,-1705.167
92,0,-297.000,-171.688,-1766.333
92,1,-275.000,-171.688,-1760.333
92,2,-312.000,-178.688,-1836.333
92,3,-259.000,-178.688,-1809.333
92,4,-336.000,-243.688,-1847.333
92,5,-229.110,-251.781,-1819.333
92,6,-378.110,-315.219,-1872.333
92,7,-181.110,-322.781,-1802.333
92,8,-428.110,-385.219,-1792.333
92,9,-130.110,-382.781,-1648.333
92,10,-316.110,-415.219,-1734.333
92,11,-249.000,-421.000,-1704.333
93,0,-297.000,-172.997,-1765.500
93,1,-275.000,-172.997,-1759.500
93,2,-312.000,-179.997,-1835.500
93,3,-259.000,-179.997,-1808.500
93,4,-336.000,-244.997,-1846.500
93,5,-230.747,-248.507,-1818.500
93,6,-379.747,-318.493,-1871.500
93,7,-182.747,-319.507,-1801.500
93,8,-429.747,-388.493,-1791.500
93,9,-131.747,-379.507,-1647.500
93,10,-317.747,-418.493,-1733.500
93,11,-249.000,-421.000,-1703.500
94,0,-297.000,-174.335,-1764.667
94,1,-275.000,-174.335,-1758.667
94,2,-312.000,-181.335,-1834.667
94,3,-259.000,-181.335,-1807.667
94,4,-336.000,-246.335,-1845.667
94,5,-232.419,-245.162,-1817.667
94,6,-381.419,-321.838,-1870.667
94,7,-184.419,-316.162,-1800.667
94,8,-431.419,-391.838,-1790.667
94,9,-133.419,-376.162,-1646.667
94,10,-319.419,-421.838,-1732.667
94,11,-249.000,-421.000,-1702.667
95,0,-297.000,-175.663,-1763.833
95,1,-275.000,-175.663,-1757.833
95,2,-312.000,-182.663,-1833.833
95,3,-259.000,-182.663,-1806.833
95,4,-336.000,-247.663,-1844.833
95,5,-234.079,-241.842,-1816.833
95,6,-383.079,-325.158,-1869.833
95,7,-186.079,-312.842,-1799.833
95,8,-433.079,-395.158,-1789.833
95,9,-135.079,-372.842,-1645.833
95,10,-321.079,-425.158,-1731.833
95,11,-249.000,-421.000,-1701.833
96,0,-297.000,-176.945,-1763.000
96,1,-275.000,-176.945,-1757.000
96,2,-312.000,-183.945,-1833.000
96,3,-259.000,-183.945,-1806.000
96,4,-336.000,-248.945,-1844.000
96,5,-235.681,-238.638,-1816.000
96,6,-384.681,-328.362,-1869.000
96,7,-187.681,-309.638,-1799.000
96,8,-434.681,-398.362,-1789.000
96,9,-136.681,-369.638,-1645.000
96,10,-322.681,-428.362,-1731.000
96,11,-249.000,-421.000,-1701.000
97,0,-297.000,-178.144,-1762.167
97,1,-275.000,-178.144,-1756.167
97,2,-312.000,-185.144,-1832.167
97,3,-259.000,-185.144,-1805.167
97,4,-336.000,-250.144,-1843.167
97,5,-237.180,-235.639,-1815.167
97,6,-386.180,-331.361,-1868.167
97,7,-189.180,-306.639,-1798.167
97,8,-436.180,-401.361,-1788.167
97,9,-138.180,-366.639,-1644.167
97,10,-324.180,-431.361,-1730.167
97,11,-249.000,-421.000,-1700.167
98,0,-297.000,-179.227,-1761.333
98,1,-275.000,-179.227,-1755.333
98,2,-312.000,-186.227,-1831.333
98,3,-259.000,-186.227,-1804.333
98,4,-336.000,-251.227,-1842.333
98,5,-238.534,-232.932,-1814.333
98,6,-387.534,-334.068,-1867.333
98,7,-190.534,-303.932,-1797.333
98,8,-437.534,-404.068,-1787.333
98,9,-139.534,-363.932,-1643.333
98,10,-325.534,-434.068,-1729.333
98,11,-249.000,-421.000,-1699.333
99,0,-297.000,-180.164,-1760.500
99,1,-275.000,-180.164,-1754.500
99,2,-312.000,-187.164,-1830.500
99,3,-259.000,-187.164,-1803.500
99,4,-336.000,-252.164,-1841.500
99,5,-239.705,-230.590,-1813.500
99,6,-388.705,-336.410,-1866.500
99,7,-191.705,-301.590,-1796.500
99,8,-438.705,-406.410,-1786.500
99,9,-140.705,-361.590,-1642.500
99,10,-326.705,-436.410,-1728.500
99,11,-249.000,-421.000,-1698.500
100,0,-297.000,-180.928,-1759.667
100,1,-275.000,-180.928,-1753.667
100,2,-312.000,-187.928,-1829.667
100,3,-259.000,-187.928,-1802.667
100,4,-336.000,-252.928,-1840.667
100,5,-240.660,-228.679,-1812.667
100,6,-389.660,-338.321,-1865.667
100,7,-192.660,-299.679,-1795.667
100,8,-439.660,-408.321,-1785.667
100,9,-141.660,-359.679,-1641.667
100,10,-327.660,-438.321,-1727.667
100,11,-249.000,-421.000,-1697.667
101,0,-297.000,-181.498,-1758.833
101,1,-275.000,-181.498,-1752.833
101,2,-312.000,-188.498,-1828.833
101,3,-259.000,-188.498,-1801.833
101,4,-336.000,-253.498,-1839.833
101,5,-241.373,-227.254,-1811.833
101,6,-390.373,-339.746,-1864.833
101,7,-193.373,-298.254,-1794.833
101,8,-440.373,-409.746,-1784.833
101,9,-142.373,-358.254,-1640.833
101,10,-328.373,-439.746,-1726.833
101,11,-249.000,-421.000,-1696.833
102,0,-297.000,-181.858,-1758.000
102,1,-275.000,-181.858,-1752.000
102,2,-312.000,-188.858,-1828.000
102,3,-259.000,-188.858,-1801.000
102,4,-336.000,-253.858,-1839.000
102,5,-241.823,-226.354,-1811.000
102,6,-390.823,-340.646,-1864.000
102,7,-193.823,-297.354,-1794.000
102,8,-440.823,-410.646,-1784.000
102,9,-142.823,-357.354,-1640.000
102,10,-328.823,-440.646,-1726.000
102,11,-249.000,-421.000,-1696.000
103,0,-297.000,-181.998,-1757.167
103,1,-275.000,-181.998,-1751.167
103,2,-312.000,-188.998,-1827.167
103,3,-259.000,-188.998,-1800.167
103,4,-336.000,-253.998,-1838.167
103,5,-241.998,-226.004,-1810.167
103,6,-390.998,-340.996,-1863.167
103,7,-193.998,-297.004,-1793.167
103,8,-440.998,-410.996,-1783.167
103,9,-142.998,-357.004,-1639.167
103,10,-328.998,-440.996,-1725.167
103,11,-249.000,-421.000,-1695.167
104,0,-297.000,-181.914,-1756.333
104,1,-275.000,-181.914,-1750.333
104,2,-312.000,-188.914,-1826.333
104,3,-259.000,-188.914,-1799.333
104,4,-336.000,-253.914,-1837.333
104,5,-241.893,-226.215,-1809.333
104,6,-390.893,-340.785,-1862.333
104,7,-193.893,-297.215,-1792.333
104,8,-440.893,-410.785,-1782.333
104,9,-142.893,-357.215,-1638.333
104,10,-328.893,-440.785,-1724.333
104,11,-249.000,-421.000,-1694.333
105,0,-297.000,-181.608,-1755.500
105,1,-275.000,-181.608,-1749.500
105,2,-312.000,-188.608,-1825.500
105,3,-259.000,-188.608,-1798.500
105,4,-336.000,-253.608,-1836.500
105,5,-241.511,-226.979,-1808.500
105,6,-390.511,-340.021,-1861.500
105,7,-193.511,-297.979,-1791.500
105,8,-440.511,-410.021,-1781.500
105,9,-142.511,-357.979,-1637.500
105,10,-328.511,-440.021,-1723.500
105,11,-249.000,-421.000,-1693.500
106,0,-297.000,-181.090,-1754.667
106,1,-275.000,-181.090,-1748.667
106,2,-312.000,-188.090,-1824.667
106,3,-259.000,-188.090,-1797.667
106,4,-336.000,-253.090,-1835.667
106,5,-240.862,-228.276,-1807.667
106,6,-389.862,-338.724,-1860.667
106,7,-192.862,-299.276,-1790.667
106,8,-439.862,-408.724,-1780.667
106,9,-141.862,-359.276,-1636.667
106,10,-327.862,-438.724,-1722.667
106,11,-249.000,-421.000,-1692.667
107,0,-297.000,-180.372,-1753.833
107,1,-275.000,-180.372,-1747.833
107,2,-312.000,-187.372,-1823.833
107,3,-259.000,-187.372,-1796.833
107,4,-336.000,-252.372,-1834.833
107,5,-239.965,-230.069,-1806.833
107,6,-388.965,-336.931,-1859.833
107,7,-191.965,-301.069,-1789.833
107,8,-438.965,-406.931,-1779.833
107,9,-140.965,-361.069,-1635.833
107,10,-326.965,-436.931,-1721.833
107,11,-249.000,-421.000,-1691.833
108,0,-297.000,-179.476,-1753.000
108,1,-275.000,-179.476,-1747.000
108,2,-312.000,-186.476,-1823.000
108,3,-259.000,-186.476,-1796.000
108,4,-336.000,-251.476,-1834.000
108,5,-238.845,-232.309,-1806.000
108,6,-387.845,-334.691,-1859.000
108,7,-190.845,-303.309,-1789.000
108,8,-437.845,-404.691,-1779.000
108,9,-139.845,-363.309,-1635.000
108,10,-325.845,-434.691,-1721.000
108,11,-249.000,-421.000,-1691.000
109,0,-297.000,-178.427,-1752.167
109,1,-275.000,-178.427,-1746.167
109,2,-312.000,-185.427,-1822.167
109,3,-259.000,-185.427,-1795.167
109,4,-336.000,-250.427,-1833.167
109,5,-237.534,-234.932,-1805.167
109,6,-386.534,-332.068,-1858.167
109,7,-189.534,-305.932,-1788.167
109,8,-436.534,-402.068,-1778.167
109,9,-138.534,-365.932,-1634.167
109,10,-324.534,-432.068,-1720.167
109,11,-249.000,-421.000,-1690.167
110,0,-297.000,-177.254,-1751.333
110,1,-275.000,-177.254,-1745.333
110,2,-312.000,-184.254,-1821.333
110,3,-259.000,-184.254,-1794.333
110,4,-336.000,-249.254,-1832.333
110,5,-236.067,-237.865,-1804.333
110,6,-385.067,-329.135,-1857.333
110,7,-188.067,-308.865,-1787.333
110,8,-435.067,-399.135,-1777.333
110,9,-137.067,-368.865,-1633.333
110,10,-323.067,-429.135,-1719.333
110,11,-249.000,-421.000,-1689.333
111,0,-297.000,-175.990,-1750.500
111,1,-275.000,-175.990,-1744.500
111,2,-312.000,-182.990,-1820.500
111,3,-259.000,-182.990,-1793.500
111,4,-336.000,-247.990,-1831.500
111,5,-234.487,-241.026,-1803.500
111,6,-383.487,-325.974,-1856.500
111,7,-186.487,-312.026,-1786.500
111,8,-433.487,-395.974,-1776.500
111,9,-135.487,-372.026,-1632.500
111,10,-321.487,-425.974,-1718.500
111,11,-249.000,-421.000,-1688.500
112,0,-297.000,-174.669,-1749.667
112,1,-275.000,-174.669,-1743.667
112,2,-312.000,-181.669,-1819.667
112,3,-259.000,-181.669,-1792.667
112,4,-336.000,-246.669,-1830.667
112,5,-232.837,-244.326,-1802.667
112,6,-381.837,-322.674,-1855.667
112,7,-184.837,-315.326,-1785.667
112,8,-431.837,-392.674,-1775.667
112,9,-133.837,-375.326,-1631.667
112,10,-319.837,-422.674,-1717.667
112,11,-249.000,-421.000,-1687.667
113,0,-297.000,-173.331,-1748.833
113,1,-275.000,-173.331,-1742.833
113,2,-312.000,-180.331,-1818.833
113,3,-259.000,-180.331,-1791.833
113,4,-336.000,-245.331,-1829.833
113,5,-231.163,-247.674,-1801.833
113,6,-380.163,-319.326,-1854.833
113,7,-183.163,-318.674,-1784.833
113,8,-430.163,-389.326,-1774.833
113,9,-132.163,-378.674,-1630.833
113,10,-318.163,-419.326,-1716.833
113,11,-249.000,-421.000,-1686.833
114,0,-297.000,-172.010,-1748.000
114,1,-275.000,-172.010,-1742.000
114,2,-312.000,-179.010,-1818.000
114,3,-259.000,-179.010,-1791.000
114,4,-336.000,-244.010,-1829.000
114,5,-229.513,-250.974,-1801.000
114,6,-378.513,-316.026,-1854.000
114,7,-181.513,-321.974,-1784.000
114,8,-428.513,-386.026,-1774.000
114,9,-130.513,-381.974,-1630.000
114,10,-316.513,-416.026,-1716.000
114,11,-249.000,-421.000,-1686.000
115,0,-297.000,-170.746,-1747.167
115,1,-275.000,-170.746,-1741.167
115,2,-312.000,-177.746,-1817.167
115,3,-259.000,-177.746,-1790.167
115,4,-336.000,-242.746,-1828.167
115,5,-227.933,-254.135,-1800.167
115,6,-376.933,-312.865,-1853.167
115,7,-179.933,-325.135,-1783.167
115,8,-426.933,-382.865,-1773.167
115,9,-128.933,-385.135,-1629.167
115,10,-314.933,-412.865,-1715.167
115,11,-249.000,-421.000,-1685.167
116,0,-297.000,-169.573,-1746.333
116,1,-275.000,-169.573,-1740.333
116,2,-312.000,-176.573,-1816.333
116,3,-259.000,-176.573,-1789.333
116,4,-336.000,-241.573,-1827.333
116,5,-226.466,-257.068,-1799.333
116,6,-375.466,-309.932,-1852.333
116,7,-178.466,-328.068,-1782.333
116,8,-425.466,-379.932,-1772.333
116,9,-127.466,-388.068,-1628.333
116,10,-313.466,-409.932,-1714.333
116,11,-249.000,-421.000,-1684.333
117,0,-297.000,-168.524,-1745.500
117,1,-275.000,-168.524,-1739.500
117,2,-312.000,-175.524,-1815.500
117,3,-259.000,-175.524,-1788.500
117,4,-336.000,-240.524,-1826.500
117,5,-225.155,-259.691,-1798.500
117,6,-374.155,-307.309,-1851.500
117,7,-177.155,-330.691,-1781.500
117,8,-424.155,-377.309,-1771.500
117,9,-126.155,-390.691,-1627.500
117,10,-312.155,-407.309,-1713.500
117,11,-249.000,-421.000,-1683.500
118,0,-297.000,-167.628,-1744.667
118,1,-275.000,-167.628,-1738.667
118,2,-312.000,-174.628,-1814.667
118,3,-259.000,-174.628,-1787.667
118,4,-336.000,-239.628,-1825.667
118,5,-224.035,-261.931,-1797.667
118,6,-373.035,-305.069,-1850.667
118,7,-176.035,-332.931,-1780.667
118,8,-423.035,-375.069,-1770.667
118,9,-125.035,-392.931,-1626.667
118,10,-311.035,-405.069,-1712.667
118,11,-249.000,-421.000,-1682.667
119,0,-297.000,-166.910,-1743.833
119,1,-275.000,-166.910,-1737.833
119,2,-312.000,-173.910,-1813.833
119,3,-259.000,-173.910,-1786.833
119,4,-336.000,-238.910,-1824.833
119,5,-223.138,-263.724,-1796.833
119,6,-372.138,-303.276,-1849.833
119,7,-175.138,-334.724,-1779.833
119,8,-422.138,-373.276,-1769.833
119,9,-124.138,-394.724,-1625.833
119,10,-310.138,-403.276,-1711.833
119,11,-249.000,-421.000,-1681.833
